{
    "clusters": [
        {
            "name": "C0",
            "hosts": [
                {
                    "name": "H0",
                    "cpu": {
                        "coreCount": 16,
                        "coreSpeed": 2100
                    },
                    "memory": {
                        "memorySize": 100000
                    },
                    "count": 277,
                    "powerModel": {
                        "modelType": "sqrt",
                        "power": 400.0,
                        "idlePower": 32.0,
                        "maxPower": 180.0
                    }
                }
            ],
            "powerSource": {
                "carbonTracePath": "carbon_traces/NL_2021-2024.parquet"
            }
        }
    ]
}